vin,ask_price,sale_price,list_date,sale_date,cost_price,ext_color,int_color,model_id,salesperson,dealership
SCBGE11RXBLA13261,220273,217835,2019-01-01,2019-01-01,185496,Havana,Beluga,550,1,104
SCBGE11RXBLA13264,220520,220016,2019-01-01,2019-01-03,206296,Havana,Magnolia - Dark Stained Burr Walnut,550,1,104
SCBGE11RXBLA13265,220135,215089,2019-01-01,2019-01-04,177822,Moonbeam,Magnolia - Chestnut,550,1,104
SCBGE11RXBLA13266,220161,216126,2019-01-01,2019-01-05,206505,Windsor Blue,Magnolia - Chestnut,550,1,104
SCBGE11RXBLA13267,220076,222333,2019-01-01,2019-01-01,173065,Windsor Blue,Beluga,550,1,104
SCBGE11RXBLA13268,220790,221764,2019-01-01,2019-01-01,188895,St James Red (Solid),Beluga,550,1,104
SCBGE11RXBLA13269,220756,218584,2019-01-01,2019-01-01,189564,Windsor Blue,Magnolia - Dark Stained Burr Walnut,550,1,104
SCBGE11RXBLA13270,220399,216262,2019-01-01,2019-01-01,208619,Blue Crystal,Magnolia - Dark Stained Burr Walnut,550,1,104
SCBGE11RXBLA13274,219811,221646,2019-04-25,2019-04-25,178750,Blue Crystal,Magnolia - Dark Stained Burr Walnut,550,1,104
SCBGE21RXBLA14318,210938,211944,2019-04-25,2019-04-30,162950,St James Red (Solid),Beluga,551,1,104
SCBGE21RXBLA14319,210445,211395,2019-04-25,2019-04-30,163188,Moonbeam,Magnolia - Chestnut,551,1,104
SCBGE21RXBLA14320,210027,210474,2019-04-25,2019-05-02,205166,Windsor Blue,Linen,551,1,104
SCBGE21RXBLA14324,210419,212953,2019-04-25,2019-04-30,207838,St James Red (Solid),Magnolia - Chestnut,551,1,104
SCBGE21RXBLA14325,210064,225056,2019-04-25,2019-04-30,168268,Granite,Magnolia - Chestnut,551,1,104
SCBGE41RXBLA17317,241057,267570,2019-05-20,2019-05-20,195680,Blue Crystal,Beluga,703,1,104
SCBGE41RXBLA17318,240530,245311,2019-05-20,2019-05-25,238221,Blue Crystal,Beluga,703,1,104
SCBGE41RXBLA17319,240660,247974,2019-05-20,2019-05-20,224796,St James Red (Solid),Beluga,703,1,104
SCBGE61RXBLA15327,202591,204198,2019-03-01,2019-03-01,174974,Windsor Blue,Beluga,552,1,104
SCBGE61RXBLA15328,202563,203292,2019-03-01,2019-03-01,187712,Blue Crystal,Beluga,552,1,104
SCBGE61RXBLA15329,202839,203831,2019-03-01,2019-03-01,195408,Blue Crystal,Magnolia - Chestnut,552,1,104
SCBGE61RXBLA15330,202518,212098,2019-03-01,2019-03-01,161625,Windsor Blue,Magnolia - Dark Stained Burr Walnut,552,1,104
SCBGE61RXBLA15332,202900,203497,2019-03-01,2019-03-10,164386,Blue Crystal,Beluga,552,1,104
SCBGE61RXBLA15333,202161,202649,2019-03-01,2019-03-01,171572,Blue Crystal,Beluga,552,1,104
SCBGE61RXBLA15334,200165,203066,2019-03-01,2019-03-02,152174,Blue Crystal,Magnolia - Chestnut,552,1,104
SCBGE61RXBLA15335,200089,208667,2019-03-01,2019-03-01,171370,St James Red (Solid),Magnolia - Chestnut,552,1,104
SCBGE61RXBLA15336,200766,200575,2019-03-01,2019-03-01,188120,St James Red (Solid),Magnolia - Chestnut,552,1,104
SCBGE61RXBLA15337,200630,200449,2019-03-01,2019-03-01,177824,St James Red (Solid),Linen,552,1,104
SCBGE61RXBLA15339,205230,207651,2019-04-01,2019-04-01,178085,Granite,Magnolia - Chestnut,552,1,104
SCBGE61RXBLA15340,205519,208627,2019-04-01,2019-04-01,162059,St James Red (Solid),Magnolia - Chestnut,552,1,104
SCBGE61RXBLA15341,205318,205198,2019-04-01,2019-04-01,159303,Moonbeam,Beluga,552,1,104
SCBGE61RXBLA15345,205477,206591,2019-04-01,2019-04-01,175135,St James Red (Solid),Magnolia - Chestnut,552,1,104
SCBGE61RXBLA15346,204171,212369,2019-04-01,2019-04-02,169415,Havana,Linen,552,1,104
SCBGE61RXBLA15347,204155,207469,2019-04-01,2019-04-03,177318,Granite,Saffron,552,1,104
SCBGE61RXBLA15348,205044,206543,2019-04-01,2019-04-01,175110,Granite,Beluga,552,1,104
SCBGE61RXBLA15349,205278,205296,2019-04-01,2019-04-01,159601,St James Red (Solid),Beluga,552,1,104
SCBGE61RXBLA15350,205525,211856,2019-04-01,2019-04-01,160123,Moonbeam,Magnolia,552,1,104
SCBGE61RXBLA15351,205156,214419,2019-04-01,2019-04-01,161332,Windsor Blue,Magnolia - Dark Stained Burr Walnut,552,1,104
SCBGE61RXBLA15352,205721,205787,2019-04-01,2019-04-19,171789,Windsor Blue,Magnolia - Dark Stained Burr Walnut,552,1,104
SCBGE61RXBLA15353,205859,207780,2019-04-01,2019-04-19,174390,Windsor Blue,Magnolia - Dark Stained Burr Walnut,552,1,104
SCBGE61RXBLA15354,205591,207775,2019-04-01,2019-04-19,155888,Glacier White,Magnolia - Chestnut,552,1,104
SCBGE61RXBLA15355,205986,206723,2019-04-01,2019-04-19,167127,Windsor Blue,Magnolia - Chestnut,552,1,104
SCBGE61RXBLA15356,205264,206532,2019-04-01,2019-04-19,179843,Windsor Blue,Beluga,552,1,104
SCBGE61RXBLA15357,205228,202871,2019-04-01,2019-04-19,197635,Windsor Blue,Beluga,552,1,104
SCBGE61RXBLA15358,205862,202943,2019-04-01,2019-04-19,177108,Windsor Blue,Beluga,552,1,104
SCBGE61RXBLA15361,205970,207055,2019-04-01,2019-04-19,183848,Blue Crystal,Saffron,552,1,104
SCBGE61RXBLA15362,205356,205177,2019-04-01,2019-04-19,171508,Blue Crystal,Magnolia - Chestnut,552,1,104
SCBGE61RXBLA15363,205644,203609,2019-04-01,2019-04-19,172839,St James Red (Solid),Beluga,552,1,104
SCBGE61RXBLA15365,200739,212084,2019-07-29,2019-07-29,153340,St James Red (Solid),Magnolia - Dark Stained Burr Walnut,552,1,104
SCBGE61RXBLA15366,200424,209489,2019-07-29,2019-07-29,174541,Granite,Magnolia - Dark Stained Burr Walnut,552,1,104
SCBGE61RXBLA15367,200167,208859,2019-07-29,2019-07-30,152091,Granite,Magnolia - Dark Stained Burr Walnut,552,1,104
SCBGE61RXBLA15368,200376,206705,2019-07-29,2019-07-31,187032,St James Red (Solid),Beluga,552,1,104
SCBGE61RXBLA15370,200397,208176,2019-07-29,2019-07-29,168233,Windsor Blue,Magnolia - Dark Stained Burr Walnut,552,1,104
SCBGE61RXBLA15371,200676,207595,2019-07-29,2019-07-29,194239,Windsor Blue,Magnolia - Dark Stained Burr Walnut,552,1,104
SCBGE61RXBLA15372,200196,210442,2019-07-29,2019-07-29,167228,St James Red (Solid),Magnolia - Chestnut,552,1,104
SCBGE61RXBLA15373,200851,209146,2019-07-29,2019-07-30,183117,Windsor Blue,Magnolia - Chestnut,552,1,104
SCBGE61RXBLA15374,200959,208042,2019-07-29,2019-07-31,193675,Granite,Beluga,552,1,104
SCBGE61RXBLA15375,200260,205959,2019-07-29,2019-08-01,171253,St James Red (Solid),Beluga,552,1,104
SCBGE61RXBLA15376,200972,209689,2019-07-29,2019-08-02,177724,Moonbeam,Beluga,552,1,104
SCBGE61RXBLA15380,205870,208921,2019-07-29,2019-07-29,193911,Windsor Blue,Magnolia - Chestnut,552,1,104
SCBGE71RXBLA16311,273856,277724,2019-03-15,2019-03-15,267890,St James Red (Solid),Magnolia - Dark Stained Burr Walnut,702,1,104
SCBGE71RXBLA16312,273149,277856,2019-03-15,2019-03-15,232082,Moonbeam,Magnolia - Dark Stained Burr Walnut,702,1,104
SCBGE71RXBLA16313,273339,276446,2019-03-15,2019-03-15,258311,Windsor Blue,Magnolia - Dark Stained Burr Walnut,702,1,104
SCBUE11DXBLA12261,307506,307733,2019-06-01,2019-06-01,275141,Blue Crystal,Beluga,500,1,104
SCBUE11DXBLA12263,310442,312946,2019-01-01,2019-01-01,278507,Blue Crystal,Magnolia - Dark Stained Burr Walnut,500,1,104
SCBUE11DXBLA12264,312607,311934,2019-01-01,2019-01-13,266051,Blue Crystal,Beluga,500,1,104
SCBUE11DXBLA12265,305104,303828,2019-01-01,2019-01-19,295700,St James Red (Solid),Beluga,500,1,104
SCBUE11DXBLA12266,305110,307759,2019-01-01,2019-01-01,274392,Havana,Beluga,500,1,104
SCBUE11DXBLA12267,305263,307730,2019-01-01,2019-01-01,302026,St James Red (Solid),Magnolia - Chestnut,500,1,104
SCBGE11RXBLA13262,220349,214655,2019-01-01,2019-01-01,185910,Granite,Magnolia - Dark Stained Burr Walnut,550,2,102
SCBGE11RXBLA13263,220484,216643,2019-01-01,2019-01-02,214642,Granite,Magnolia - Dark Stained Burr Walnut,550,2,102
SCBGE11RXBLA13271,219865,218932,2019-01-01,2019-01-01,173571,Blue Crystal,Magnolia - Dark Stained Burr Walnut,550,2,102
SCBGE11RXBLA13275,220563,221679,2019-04-25,2019-04-25,176443,Blue Crystal,Magnolia - Dark Stained Burr Walnut,550,2,102
SCBGE21RXBLA14321,210856,206320,2019-04-25,2019-05-02,190885,Windsor Blue,Beluga,551,2,102
SCBGE41RXBLA17320,241101,255784,2019-05-20,2019-05-20,196421,St James Red (Solid),Magnolia - Chestnut,703,2,102
SCBGE61RXBLA15331,202214,203512,2019-03-01,2019-03-01,189202,Blue Crystal,Beluga,552,2,102
SCBGE61RXBLA15338,200152,201615,2019-03-01,2019-03-01,154742,Granite,Magnolia - Dark Stained Burr Walnut,552,2,102
SCBGE61RXBLA15364,205977,210763,2019-07-29,2019-07-29,178123,St James Red (Solid),Beluga,552,2,102
SCBGE61RXBLA15369,200932,205338,2019-07-29,2019-07-29,177378,Moonbeam,Magnolia - Dark Stained Burr Walnut,552,2,102
SCBGE61RXBLA15377,200540,210067,2019-07-29,2019-07-29,184467,Aquamarine,Beluga,552,2,102
SCBUE11DXBLA12262,305955,310511,2019-06-01,2019-06-01,274873,Blue Crystal,Magnolia - Chestnut,500,2,102
SCBUE11DXBLA12268,305623,300603,2019-01-01,2019-01-01,289584,Granite,Magnolia - Chestnut,500,3,101
SCBUE11DXBLA12269,305217,300765,2019-01-01,2019-01-01,256257,Granite,Magnolia - Chestnut,500,3,101
SCBUE11DXBLA12270,305969,300074,2019-01-01,2019-01-02,297297,St James Red (Solid),Beluga,500,3,101
SCBGE11RXBLA13276,220038,225323,2019-04-25,2019-04-25,213102,Blue Crystal,Linen,550,4,104
SCBGE11RXBLA13277,220204,223544,2019-04-25,2019-04-25,210897,St James Red (Solid),Magnolia - Chestnut,550,4,104
SCBGE11RXBLA13278,220311,221239,2019-04-25,2019-04-26,210891,St James Red (Solid),Beluga,550,4,104
SCBGE11RXBLA13279,220684,220961,2019-04-25,2019-04-27,177989,St James Red (Solid),Beluga,550,4,104
SCBGE11RXBLA13280,220491,222975,2019-04-25,2019-04-25,218840,Granite,Beluga,550,4,104
SCBGE11RXBLA13281,220583,222236,2019-04-25,2019-04-25,179864,Granite,Magnolia - Chestnut,550,4,104
SCBGE21RXBLA14326,210410,210682,2019-04-25,2019-04-30,193910,Granite,Magnolia - Chestnut,551,4,104
SCBGE21RXBLA14327,210436,210967,2019-04-25,2019-04-30,206360,St James Red (Solid),Magnolia - Dark Stained Burr Walnut,551,4,104
SCBGE41RXBLA17300,240583,246961,2019-05-20,2019-05-20,236665,Blue Crystal,Magnolia,703,4,104
SCBGE41RXBLA17301,240695,248435,2019-05-20,2019-05-20,232272,Blue Crystal,Magnolia - Chestnut,703,4,104
SCBGE41RXBLA17302,240968,249782,2019-05-20,2019-05-20,210618,St James Red (Solid),Magnolia - Chestnut,703,4,104
SCBGE41RXBLA17303,241256,245608,2019-05-20,2019-05-20,231115,St James Red (Solid),Beluga,703,4,104
SCBGE41RXBLA17304,241100,246084,2019-05-20,2019-05-20,233272,St James Red (Solid),Beluga,703,4,104
SCBGE41RXBLA17305,241318,249833,2019-05-20,2019-05-21,203955,Granite,Magnolia - Dark Stained Burr Walnut,703,4,104
SCBGE41RXBLA17306,240936,248872,2019-05-20,2019-05-22,239065,Granite,Magnolia - Dark Stained Burr Walnut,703,4,104
SCBGE41RXBLA17307,241225,245005,2019-05-20,2019-05-23,195239,St James Red (Solid),Linen,703,4,104
SCBGE41RXBLA17308,241149,245687,2019-05-20,2019-05-24,234712,Moonbeam,Magnolia - Dark Stained Burr Walnut,703,4,104
SCBGE41RXBLA17309,240911,248235,2019-05-20,2019-05-25,222282,Windsor Blue,Magnolia - Chestnut,703,4,104
SCBGE41RXBLA17310,240566,243280,2019-05-20,2019-05-26,195300,Windsor Blue,Magnolia - Chestnut,703,4,104
SCBGE41RXBLA17311,241185,241852,2019-05-20,2019-05-27,228273,St James Red (Solid),Beluga,703,4,104
SCBGE41RXBLA17312,241242,242634,2019-05-20,2019-05-28,218843,St James Red (Solid),Beluga,703,4,104
SCBGE41RXBLA17313,240812,246350,2019-05-20,2019-05-20,196592,Windsor Blue,Beluga,703,4,104
SCBGE41RXBLA17314,241349,248735,2019-05-20,2019-05-20,199558,Windsor Blue,Saffron,703,4,104
SCBGE41RXBLA17315,241475,246379,2019-05-20,2019-05-20,215996,Windsor Blue,Magnolia - Chestnut,703,4,104
SCBGE41RXBLA17316,241213,247296,2019-05-20,2019-05-20,211680,Blue Crystal,Beluga,703,4,104
SCBGE61RXBLA15381,205497,204777,2019-07-29,2019-07-29,195591,Granite,Beluga,552,4,104
SCBGE61RXBLA15382,205132,202293,2019-07-29,2019-07-29,161492,St James Red (Solid),Beluga,552,4,104
SCBGE61RXBLA15383,205006,205841,2019-07-29,2019-07-29,194645,Moonbeam,Magnolia - Dark Stained Burr Walnut,552,4,104
SCBGE61RXBLA15384,205199,204207,2019-07-29,2019-07-29,178524,Windsor Blue,Magnolia - Dark Stained Burr Walnut,552,4,104
SCBGE61RXBLA15385,205007,202601,2019-07-29,2019-07-29,195579,Windsor Blue,Saffron,552,4,104
SCBGE61RXBLA15386,205970,206688,2019-07-29,2019-07-29,172963,St James Red (Solid),Magnolia,552,4,104
SCBGE61RXBLA15387,205955,205551,2019-07-29,2019-07-29,198851,Windsor Blue,Magnolia - Chestnut,552,4,104
SCBGE61RXBLA15388,205553,206550,2019-07-29,2019-07-29,164032,Moonbeam,Beluga,552,4,104
SCBGE61RXBLA15389,205540,207674,2019-07-29,2019-07-30,204902,Windsor Blue,Beluga,552,4,104
SCBGE61RXBLA15390,205075,206884,2019-07-29,2019-07-30,174603,Windsor Blue,Magnolia - Dark Stained Burr Walnut,552,4,104
SCBGE61RXBLA15391,205887,207718,2019-07-29,2019-07-30,172538,Windsor Blue,Magnolia - Dark Stained Burr Walnut,552,4,104
SCBGE61RXBLA15392,200899,201114,2019-07-29,2019-07-29,179740,Windsor Blue,Magnolia - Dark Stained Burr Walnut,552,4,104
SCBGE61RXBLA15393,200712,202668,2019-07-29,2019-07-29,162870,Windsor Blue,Beluga,552,4,104
SCBGE61RXBLA15394,200261,207248,2019-07-29,2019-07-29,187866,Windsor Blue,Magnolia - Dark Stained Burr Walnut,552,4,104
SCBGE61RXBLA15395,200965,200531,2019-07-29,2019-07-29,152220,Windsor Blue,Magnolia - Dark Stained Burr Walnut,552,4,104
SCBGE61RXBLA15396,202159,203699,2019-07-29,2019-07-29,177643,Windsor Blue,Magnolia - Dark Stained Burr Walnut,552,4,104
SCBGE61RXBLA15397,205033,205017,2019-07-29,2019-07-29,166951,Windsor Blue,Magnolia - Chestnut,552,4,104
SCBGE61RXBLA15398,205696,211177,2019-07-29,2019-08-19,200945,Blue Crystal,Magnolia - Chestnut,552,4,104
SCBGE61RXBLA15399,205872,209034,2019-07-29,2019-08-30,167843,Blue Crystal,Beluga,552,4,104
SCBGE61RXBLA15400,205549,207441,2019-07-29,2019-08-30,163818,Aquamarine,Beluga,552,4,104
SCBGE61RXBLA15401,205398,205452,2019-07-29,2019-08-30,191306,St James Red (Solid),Beluga,552,4,104
SCBGE61RXBLA15402,205015,201319,2019-07-29,2019-09-12,202864,St James Red (Solid),Magnolia - Chestnut,552,4,104
SCBGE61RXBLA15403,205949,205731,2019-07-29,2019-09-12,162872,Granite,Magnolia - Dark Stained Burr Walnut,552,4,104
SCBGE61RXBLA15404,205657,198714,2019-07-29,2019-09-12,201866,Granite,Beluga,552,4,104
SCBGE61RXBLA15405,193456,195098,2019-07-29,2019-07-29,190161,St James Red (Solid),Beluga,552,4,104
SCBGE61RXBLA15406,193361,196520,2019-07-29,2019-07-29,182191,Moonbeam,Beluga,552,4,104
SCBGE61RXBLA15407,193712,196913,2019-07-29,2019-07-29,180467,Windsor Blue,Magnolia - Chestnut,552,4,104
SCBGE61RXBLA15409,193028,197794,2019-07-29,2019-07-29,159899,St James Red (Solid),Magnolia - Chestnut,552,4,104
SCBGE61RXBLA15410,193418,196258,2019-07-29,2019-07-29,179000,Aquamarine,Saffron,552,4,104
SCBGE61RXBLA15411,193033,198402,2019-07-29,2019-07-30,151343,Granite,Magnolia - Dark Stained Burr Walnut,552,4,104
SCBGE61RXBLA15412,193480,196417,2019-07-29,2019-07-30,168548,St James Red (Solid),Magnolia - Chestnut,552,4,104
SCBGE61RXBLA15413,193507,196247,2019-07-29,2019-07-31,154324,Moonbeam,Magnolia - Chestnut,552,4,104
SCBGE61RXBLA15414,193651,195526,2019-07-29,2019-08-01,174327,Windsor Blue,Beluga,552,4,104
SCBGE61RXBLA15415,193031,193267,2019-07-29,2019-08-02,157903,Windsor Blue,Beluga,552,4,104
SCBGE61RXBLA15418,193761,193711,2019-07-29,2019-07-29,189810,Granite,Magnolia - Chestnut,552,4,104
SCBGE61RXBLA15419,193724,193334,2019-07-29,2019-07-29,152866,Havana,Magnolia - Chestnut,552,4,104
SCBGE61RXBLA15420,193356,197005,2019-07-29,2019-07-29,154212,Moonbeam,Magnolia - Chestnut,552,4,104
SCBGE61RXBLA15421,193235,196896,2019-07-29,2019-07-29,181801,Windsor Blue,Beluga,552,4,104
SCBGE61RXBLA15422,193432,198881,2019-07-29,2019-07-29,175144,Windsor Blue,Beluga,552,4,104
SCBGE61RXBLA15423,193191,197090,2019-07-29,2019-07-29,155875,St James Red (Solid),Magnolia - Dark Stained Burr Walnut,552,4,104
SCBGE61RXBLA15424,193760,197097,2019-07-29,2019-07-29,146489,Windsor Blue,Magnolia - Dark Stained Burr Walnut,552,4,104
SCBGE61RXBLA15425,193870,195383,2019-07-29,2019-07-29,167715,Moonbeam,Saffron,552,4,104
SCBGE61RXBLA15429,193512,195084,2019-07-29,2019-07-29,144454,Windsor Blue,Beluga,552,4,104
SCBGE61RXBLA15430,193632,195217,2019-07-29,2019-07-29,181044,Windsor Blue,Beluga,552,4,104
SCBGE61RXBLA15432,193258,197392,2019-07-29,2019-07-29,177355,Windsor Blue,Beluga,552,4,104
SCBGE61RXBLA15433,193813,196824,2019-07-29,2019-07-29,155882,Windsor Blue,Magnolia - Chestnut,552,4,104
SCBGE61RXBLA15434,193111,200564,2019-07-29,2019-07-29,190686,Windsor Blue,Magnolia - Chestnut,552,4,104
SCBGE61RXBLA15435,193474,198348,2019-07-29,2019-07-29,176666,Blue Crystal,Beluga,552,4,104
SCBGE61RXBLA15436,193816,197102,2019-07-29,2019-07-29,159836,Blue Crystal,Magnolia - Chestnut,552,4,104
SCBGE61RXBLA15437,193405,196335,2019-07-29,2019-07-29,180455,Blue Crystal,Magnolia - Chestnut,552,4,104
SCBGE61RXBLA15438,193852,195487,2019-07-29,2019-07-29,153526,Windsor Blue,Magnolia - Chestnut,552,4,104
SCBUE11DXBLA12271,310430,310079,2019-01-01,2019-01-01,263057,Moonbeam,Beluga,500,4,104
SCBUE11DXBLA12272,312172,311960,2019-01-01,2019-01-24,300335,Windsor Blue,Magnolia - Dark Stained Burr Walnut,500,4,104
SCBUE11DXBLA12273,310623,315346,2019-01-01,2019-01-01,304148,Windsor Blue,Linen,500,4,104
SCBUE11DXBLA12274,305783,305386,2019-01-01,2019-01-28,276272,Windsor Blue,Magnolia - Dark Stained Burr Walnut,500,4,104
SCBUE11DXBLA12275,307984,307212,2019-01-01,2019-01-01,279729,Windsor Blue,Magnolia - Chestnut,500,4,104
SCBUE11DXBLA12276,307689,312387,2019-01-01,2019-01-01,288561,Windsor Blue,Magnolia - Chestnut,500,4,104
SCBUE11DXBLA12277,307485,307076,2019-01-01,2019-01-01,263801,Windsor Blue,Beluga,500,4,104
SCBUE11DXBLA12278,307242,308643,2019-01-01,2019-01-01,303763,Windsor Blue,Beluga,500,4,104
SCBUE11DXBLA12279,310228,310264,2019-01-01,2019-01-01,270915,Windsor Blue,Magnolia - Dark Stained Burr Walnut,500,4,104
SCBUE11DXBLA12280,312377,314936,2019-01-01,2019-01-01,274746,Windsor Blue,Magnolia - Dark Stained Burr Walnut,500,4,104
SCBUE11DXBLA12281,310828,311355,2019-01-01,2019-01-01,283797,Blue Crystal,Magnolia - Dark Stained Burr Walnut,500,4,104
SCBUE11DXBLA12282,305714,304288,2019-01-01,2019-02-01,303228,Blue Crystal,Beluga,500,4,104
SCBUE11DXBLA12283,305011,303106,2019-01-01,2019-01-19,292496,Blue Crystal,Magnolia - Dark Stained Burr Walnut,500,4,104
SCBUE11DXBLA12284,307088,308662,2019-01-01,2019-01-01,257467,St James Red (Solid),Magnolia - Dark Stained Burr Walnut,500,4,104
SCBUE11DXBLA12285,310841,311502,2019-01-01,2019-01-01,267324,St James Red (Solid),Linen,500,4,104
SCBUE11DXBLA12286,310958,312623,2019-01-01,2019-01-02,300607,St James Red (Solid),Magnolia - Chestnut,500,4,104
SCBUE11DXBLA12287,307214,307347,2019-01-01,2019-01-03,300389,Granite,Magnolia - Chestnut,500,4,104
SCBUE11DXBLA12288,305719,308388,2019-01-01,2019-01-01,299283,Granite,Beluga,500,4,104
SCBGE21RXBLA14265,209936,205921,2019-01-01,2019-01-09,193156,Blue Crystal,Magnolia - Chestnut,551,5,104
SCBGE61RXBLA15261,202571,197171,2019-01-01,2019-01-30,181820,Moonbeam,Magnolia - Dark Stained Burr Walnut,552,5,104
SCBGE61RXBLA15262,202878,197151,2019-01-01,2019-01-30,190200,Windsor Blue,Magnolia - Chestnut,552,5,104
SCBGE61RXBLA15263,202604,196035,2019-01-01,2019-01-30,161593,Windsor Blue,Magnolia - Chestnut,552,5,104
SCBGE61RXBLA15264,202790,201063,2019-01-01,2019-01-30,175174,Windsor Blue,Beluga,552,5,104
SCBGE61RXBLA15265,202935,198737,2019-01-01,2019-01-31,169239,Windsor Blue,Beluga,552,5,104
SCBGE61RXBLA15266,202849,197050,2019-01-01,2019-02-01,186577,Windsor Blue,Beluga,552,5,104
SCBGE61RXBLA15278,202683,195100,2019-01-01,2019-01-30,162943,Granite,Magnolia - Chestnut,552,5,104
SCBGE61RXBLA15279,202593,195669,2019-01-01,2019-02-01,180685,St James Red (Solid),Beluga,552,5,104
SCBGE61RXBLA15280,202940,195089,2019-01-01,2019-02-01,185856,Moonbeam,Beluga,552,5,104
SCBGE61RXBLA15281,202260,196210,2019-01-01,2019-02-02,195477,Windsor Blue,Beluga,552,5,104
SCBGE61RXBLA15282,202094,197330,2019-01-01,2019-02-01,167425,Windsor Blue,Beluga,552,5,104
SCBGE61RXBLA15294,202247,202138,2019-02-01,2019-02-15,184448,St James Red (Solid),Magnolia - Dark Stained Burr Walnut,552,5,104
SCBGE61RXBLA15295,202747,194384,2019-02-01,2019-02-15,184617,Moonbeam,Beluga,552,5,104
SCBGE61RXBLA15300,202083,194863,2019-02-01,2019-02-16,198893,Windsor Blue,Magnolia - Chestnut,552,5,104
SCBGE61RXBLA15301,202914,189529,2019-02-01,2019-02-17,189459,Windsor Blue,Beluga,552,5,104
SCBGE61RXBLA15302,202017,194479,2019-02-01,2019-02-19,190866,Windsor Blue,Beluga,552,5,104
SCBGE61RXBLA15303,202987,185052,2019-02-01,2019-03-15,192150,Windsor Blue,Magnolia,552,5,104
SCBGE61RXBLA15304,202171,177546,2019-02-01,2019-03-30,171893,Windsor Blue,Magnolia,552,5,104
SCBGE61RXBLA15305,202605,194824,2019-02-01,2019-02-15,169465,Blue Crystal,Magnolia,552,5,104
SCBGE61RXBLA15320,200888,197668,2019-03-01,2019-05-30,155222,Granite,Beluga,552,5,104
SCBGE61RXBLA15321,200729,195719,2019-03-01,2019-05-30,179025,Granite,Magnolia - Dark Stained Burr Walnut,552,5,104
SCBGE61RXBLA15322,200000,199670,2019-03-01,2019-05-30,184311,St James Red (Solid),Magnolia - Dark Stained Burr Walnut,552,5,104
SCBGE61RXBLA15326,200187,190149,2019-03-01,2019-08-08,191273,Granite,Beluga,552,5,104
SCBGE71RXBLA16300,273329,263490,2019-03-15,2019-03-30,254284,Windsor Blue,Beluga,702,5,104
SCBGE71RXBLA16301,272781,264548,2019-03-15,2019-03-20,234778,Aquamarine,Saffron,702,5,104
SCBGE71RXBLA16307,272980,262138,2019-03-15,2019-03-30,248224,St James Red (Solid),Beluga,702,5,104
SCBGE71RXBLA16308,273061,260880,2019-03-15,2019-03-30,270346,St James Red (Solid),Beluga,702,5,104
SCBGE71RXBLA16309,272894,261215,2019-03-15,2019-03-30,228972,Granite,Beluga,702,5,104
SCBGE71RXBLA16310,273721,261195,2019-03-15,2019-03-30,245156,Granite,Beluga,702,5,104
SCBUE11DXBLA12289,310927,304795,2019-01-01,2019-01-10,303629,St James Red (Solid),Beluga,500,5,104
SCBUE11DXBLA12292,305542,305517,2019-01-01,2019-01-19,296133,Windsor Blue,Magnolia - Dark Stained Burr Walnut,500,5,104
SCBUE11DXBLA12293,305432,301944,2019-01-01,2019-01-30,302406,St James Red (Solid),Beluga,500,5,104
SCBUE11DXBLA12294,305589,305826,2019-01-01,2019-01-31,291190,St James Red (Solid),Beluga,500,5,104
SCBUE11DXBLA12295,305052,307658,2019-01-01,2019-01-01,273626,St James Red (Solid),Beluga,500,5,104
SCBUE11DXBLA12296,310130,311845,2019-01-01,2019-01-01,300285,Granite,Magnolia - Chestnut,500,5,104
SCBUE11DXBLA12299,307399,292373,2019-01-01,2019-04-12,305377,St James Red (Solid),Beluga,500,5,104
SCBUE11DXBLA12300,305787,302508,2019-01-01,2019-04-19,269668,St James Red (Solid),Beluga,500,5,104
SCBUE11DXBLA12301,310554,303003,2019-01-01,2019-05-28,265370,Granite,Magnolia - Dark Stained Burr Walnut,500,5,104
SCBGE21RXBLA14261,209273,206401,2019-01-01,2019-01-05,167556,Blue Crystal,Beluga,551,6,101
SCBGE21RXBLA14262,209376,207104,2019-01-01,2019-01-06,190013,Blue Crystal,Beluga,551,6,101
SCBGE21RXBLA14266,209597,200097,2019-01-01,2019-01-10,175934,Blue Crystal,Beluga,551,6,101
SCBGE21RXBLA14269,209007,205064,2019-01-01,2019-01-13,174300,St James Red (Solid),Beluga,551,6,101
SCBGE21RXBLA14270,209600,208485,2019-01-01,2019-01-14,203380,Granite,Magnolia - Chestnut,551,6,101
SCBGE21RXBLA14271,209759,207394,2019-01-01,2019-01-15,163445,Granite,Magnolia - Chestnut,551,6,101
SCBGE61RXBLA15267,202631,193942,2019-01-01,2019-01-30,170907,Windsor Blue,Beluga,552,6,101
SCBGE61RXBLA15268,202381,195656,2019-01-01,2019-01-31,200090,Windsor Blue,Magnolia - Chestnut,552,6,101
SCBGE61RXBLA15269,202629,194946,2019-01-01,2019-02-01,188265,Aquamarine,Magnolia - Chestnut,552,6,101
SCBGE61RXBLA15270,202824,196445,2019-01-01,2019-01-30,181290,Windsor Blue,Magnolia - Chestnut,552,6,101
SCBGE61RXBLA15276,202856,195811,2019-01-01,2019-01-30,182860,St James Red (Solid),Magnolia - Dark Stained Burr Walnut,552,6,101
SCBGE61RXBLA15277,202208,197741,2019-01-01,2019-01-30,169633,Granite,Magnolia - Chestnut,552,6,101
SCBGE61RXBLA15285,200845,195157,2019-01-01,2019-02-03,174748,Blue Crystal,Magnolia - Chestnut,552,6,101
SCBGE61RXBLA15286,200373,196839,2019-01-01,2019-01-30,161439,Blue Crystal,Beluga,552,6,101
SCBGE61RXBLA15287,200247,194249,2019-01-01,2019-01-30,180465,Blue Crystal,Beluga,552,6,101
SCBGE61RXBLA15289,202824,200396,2019-02-01,2019-02-15,186753,St James Red (Solid),Magnolia - Dark Stained Burr Walnut,552,6,101
SCBGE61RXBLA15290,202645,199882,2019-02-01,2019-02-15,202074,Glacier White,Beluga,552,6,101
SCBGE61RXBLA15291,202037,194394,2019-02-01,2019-02-15,154177,St James Red (Solid),Beluga,552,6,101
SCBGE61RXBLA15292,202903,195715,2019-02-01,2019-02-15,173124,Granite,Magnolia - Dark Stained Burr Walnut,552,6,101
SCBGE61RXBLA15298,202326,196141,2019-02-01,2019-02-15,153253,Windsor Blue,Magnolia - Dark Stained Burr Walnut,552,6,101
SCBGE61RXBLA15299,202747,205050,2019-02-01,2019-02-15,197321,Windsor Blue,Magnolia - Chestnut,552,6,101
SCBGE61RXBLA15308,200682,194936,2019-02-01,2019-02-16,191263,St James Red (Solid),Beluga,552,6,101
SCBGE61RXBLA15309,200421,175596,2019-02-01,2019-02-27,182581,St James Red (Solid),Magnolia,552,6,101
SCBGE61RXBLA15310,200325,195317,2019-02-01,2019-02-19,158758,Havana,Magnolia - Dark Stained Burr Walnut,552,6,101
SCBGE61RXBLA15311,200375,194373,2019-02-01,2019-02-19,152918,Glacier White,Magnolia - Dark Stained Burr Walnut,552,6,101
SCBGE61RXBLA15317,200039,193374,2019-03-01,2019-03-22,168741,St James Red (Solid),Magnolia,552,6,101
SCBGE61RXBLA15318,200867,195470,2019-03-01,2019-03-29,150922,St James Red (Solid),Magnolia - Dark Stained Burr Walnut,552,6,101
SCBGE61RXBLA15319,200570,195692,2019-03-01,2019-05-30,184366,St James Red (Solid),Magnolia - Dark Stained Burr Walnut,552,6,101
SCBGE71RXBLA16302,273098,270316,2019-03-15,2019-03-21,245338,Windsor Blue,Magnolia - Dark Stained Burr Walnut,702,6,101
SCBGE71RXBLA16303,273071,265958,2019-03-15,2019-03-30,249448,Blue Crystal,Linen,702,6,101
SCBUE11DXBLA12290,312289,316276,2019-01-01,2019-01-10,287727,Moonbeam,Saffron,500,6,101
SCBUE11DXBLA12291,310767,309024,2019-01-01,2019-01-19,302700,Windsor Blue,Magnolia - Chestnut,500,6,101
SCBUE11DXBLA12297,312929,313199,2019-01-01,2019-01-01,299208,Granite,Magnolia - Chestnut,500,6,101
SCBUE11DXBLA12298,310197,304669,2019-06-01,2019-06-25,307102,St James Red (Solid),Magnolia - Chestnut,500,6,101
SCBGE41RXBLA17264,237842,250161,2019-01-01,2019-01-01,197284,Havana,Beluga,703,7,102
SCBGE41RXBLA17265,238453,251658,2019-01-01,2019-01-01,217769,Windsor Blue,Magnolia - Chestnut,703,7,102
SCBGE41RXBLA17266,237922,247513,2019-01-01,2019-01-02,191494,Windsor Blue,Magnolia - Dark Stained Burr Walnut,703,7,102
SCBGE41RXBLA17275,241172,246209,2019-03-15,2019-03-17,210137,Granite,Magnolia - Chestnut,703,7,102
SCBGE41RXBLA17284,240908,245255,2019-05-20,2019-05-20,194880,St James Red (Solid),Beluga,703,7,102
SCBGE41RXBLA17285,240757,248945,2019-05-20,2019-05-20,220762,St James Red (Solid),Beluga,703,7,102
SCBGE41RXBLA17286,241284,246879,2019-05-20,2019-05-30,195981,Granite,Saffron,703,7,102
SCBGE41RXBLA17287,241212,246253,2019-05-20,2019-05-20,215084,Granite,Magnolia - Dark Stained Burr Walnut,703,7,102
SCBGE41RXBLA17288,240980,246057,2019-05-20,2019-05-20,204360,St James Red (Solid),Magnolia - Dark Stained Burr Walnut,703,7,102
SCBGE41RXBLA17289,240835,246960,2019-05-20,2019-05-20,221257,Moonbeam,Magnolia - Dark Stained Burr Walnut,703,7,102
SCBGE71RXBLA16269,273505,292618,2019-01-01,2019-01-01,256991,St James Red (Solid),Magnolia - Dark Stained Burr Walnut,702,7,102
SCBGE71RXBLA16270,272823,298297,2019-01-01,2019-01-01,245017,St James Red (Solid),Magnolia - Dark Stained Burr Walnut,702,7,102
SCBGE71RXBLA16271,272771,301706,2019-07-29,2019-07-29,240048,Granite,Beluga,702,7,102
SCBGE71RXBLA16272,273730,310458,2019-07-29,2019-07-29,229554,Granite,Linen,702,7,102
SCBGE71RXBLA16283,273554,291629,2019-03-15,2019-03-15,229424,Windsor Blue,Beluga,702,7,102
SCBGE71RXBLA16284,273049,291555,2019-03-15,2019-03-15,248174,St James Red (Solid),Beluga,702,7,102
SCBGE71RXBLA16285,272958,292635,2019-03-15,2019-03-15,225520,Windsor Blue,Magnolia - Chestnut,702,7,102
SCBGE71RXBLA16294,273729,278151,2019-03-15,2019-03-17,270849,Windsor Blue,Beluga,702,7,102
SCBUE11DXBLA12302,312770,301851,2019-01-01,2019-01-20,291667,Granite,Magnolia - Dark Stained Burr Walnut,500,7,102
SCBUE11DXBLA12313,310857,312219,2019-06-01,2019-06-01,308813,St James Red (Solid),Magnolia - Dark Stained Burr Walnut,500,7,102
SCBUE11DXBLA12321,307318,312343,2019-06-01,2019-06-01,273182,St James Red (Solid),Magnolia - Dark Stained Burr Walnut,500,7,102
SCBUE11DXBLA12322,310069,311137,2019-06-01,2019-06-05,275536,Glacier White,Beluga,500,7,102
SCBUE11DXBLA12323,312151,310809,2019-06-01,2019-06-10,308291,Granite,Linen,500,7,102
SCBUE11DXBLA12333,312722,311582,2019-06-01,2019-06-01,302167,Windsor Blue,Linen,500,7,102
SCBUE11DXBLA12334,310915,311941,2019-06-01,2019-06-01,261013,Windsor Blue,Beluga,500,7,102
SCBUE11DXBLA12345,310301,311408,2019-06-01,2019-06-05,273878,Moonbeam,Magnolia - Dark Stained Burr Walnut,500,7,102
SCBUE11DXBLA12346,307152,308358,2019-06-01,2019-06-06,257377,Windsor Blue,Saffron,500,7,102
SCBUE11DXBLA12347,305733,305417,2019-06-01,2019-06-01,302861,Windsor Blue,Magnolia - Chestnut,500,7,102
SCBUE11DXBLA12348,310572,313811,2019-06-01,2019-06-01,304117,St James Red (Solid),Saffron,500,7,102
SCBUE11DXBLA12349,312993,312585,2019-06-01,2019-06-01,273802,Windsor Blue,Beluga,500,7,102
SCBUE11DXBLA12350,310174,312735,2019-06-01,2019-06-01,287243,Blue Crystal,Beluga,500,7,102
SCBGE11RXBLA13282,220565,221025,2019-04-25,2019-04-25,186087,St James Red (Solid),Magnolia - Dark Stained Burr Walnut,550,8,101
SCBGE11RXBLA13283,220547,223698,2019-04-25,2019-04-26,213764,Blue Crystal,Beluga,550,8,101
SCBGE21RXBLA14272,215543,227012,2019-04-25,2019-04-25,175557,St James Red (Solid),Magnolia - Chestnut,551,8,101
SCBGE21RXBLA14273,215369,225613,2019-04-25,2019-04-25,204422,Moonbeam,Beluga,551,8,101
SCBGE21RXBLA14274,215550,229417,2019-04-25,2019-04-26,205322,Aquamarine,Beluga,551,8,101
SCBGE21RXBLA14275,215734,225948,2019-04-25,2019-04-25,197801,Windsor Blue,Magnolia - Dark Stained Burr Walnut,551,8,101
SCBGE21RXBLA14276,215532,228211,2019-04-25,2019-04-25,190511,Windsor Blue,Magnolia - Dark Stained Burr Walnut,551,8,101
SCBGE21RXBLA14277,215469,226323,2019-04-25,2019-04-25,210397,Windsor Blue,Magnolia - Dark Stained Burr Walnut,551,8,101
SCBGE21RXBLA14278,215412,226216,2019-04-25,2019-04-25,189991,Windsor Blue,Magnolia - Chestnut,551,8,101
SCBGE21RXBLA14279,215931,231711,2019-04-25,2019-04-25,186593,Windsor Blue,Magnolia - Chestnut,551,8,101
SCBGE21RXBLA14280,215851,226323,2019-04-25,2019-04-26,205276,Windsor Blue,Beluga,551,8,101
SCBGE21RXBLA14281,215341,225359,2019-04-25,2019-04-25,212017,Windsor Blue,Beluga,551,8,101
SCBGE21RXBLA14282,215918,230420,2019-04-25,2019-04-26,213874,Windsor Blue,Magnolia - Dark Stained Burr Walnut,551,8,101
SCBGE21RXBLA14283,215155,230847,2019-04-25,2019-04-27,191703,Blue Crystal,Magnolia - Dark Stained Burr Walnut,551,8,101
SCBGE21RXBLA14284,215029,227101,2019-04-25,2019-04-28,169592,Blue Crystal,Magnolia - Dark Stained Burr Walnut,551,8,101
SCBGE21RXBLA14285,215126,232202,2019-04-25,2019-04-29,198737,Blue Crystal,Beluga,551,8,101
SCBGE21RXBLA14286,215391,225861,2019-04-25,2019-04-30,165723,St James Red (Solid),Magnolia - Dark Stained Burr Walnut,551,8,101
SCBGE21RXBLA14287,215337,226830,2019-04-25,2019-05-01,172078,St James Red (Solid),Magnolia - Dark Stained Burr Walnut,551,8,101
SCBGE21RXBLA14288,215268,227307,2019-04-25,2019-05-02,190311,St James Red (Solid),Saffron,551,8,101
SCBGE21RXBLA14289,215717,227851,2019-04-25,2019-05-03,171883,Glacier White,Magnolia - Chestnut,551,8,101
SCBGE21RXBLA14290,215052,226932,2019-04-25,2019-05-04,166312,Granite,Magnolia - Chestnut,551,8,101
SCBGE21RXBLA14291,215877,226815,2019-04-25,2019-05-05,168410,St James Red (Solid),Beluga,551,8,101
SCBGE21RXBLA14292,215012,227036,2019-04-25,2019-05-06,197811,Moonbeam,Beluga,551,8,101
SCBGE21RXBLA14293,215058,226088,2019-04-25,2019-05-07,212746,Windsor Blue,Beluga,551,8,101
SCBGE21RXBLA14294,215298,230855,2019-04-25,2019-05-08,176053,Windsor Blue,Beluga,551,8,101
SCBGE21RXBLA14295,215865,232202,2019-04-25,2019-04-25,192609,St James Red (Solid),Magnolia - Chestnut,551,8,101
SCBGE21RXBLA14296,215350,226761,2019-04-25,2019-04-25,185880,St James Red (Solid),Magnolia - Chestnut,551,8,101
SCBGE21RXBLA14297,215244,227364,2019-04-25,2019-04-25,190679,St James Red (Solid),Magnolia - Chestnut,551,8,101
SCBGE21RXBLA14298,215544,227752,2019-04-25,2019-04-25,170262,Glacier White,Beluga,551,8,101
SCBGE21RXBLA14299,215991,227508,2019-04-25,2019-04-25,190326,Granite,Beluga,551,8,101
SCBGE21RXBLA14300,210387,211464,2019-04-25,2019-04-25,187650,St James Red (Solid),Magnolia - Dark Stained Burr Walnut,551,8,101
SCBGE21RXBLA14301,210159,210558,2019-04-25,2019-04-25,186905,St James Red (Solid),Saffron,551,8,101
SCBGE21RXBLA14302,210226,214200,2019-04-25,2019-04-25,187422,St James Red (Solid),Magnolia - Dark Stained Burr Walnut,551,8,101
SCBGE21RXBLA14303,210222,213179,2019-04-25,2019-04-26,174819,Granite,Magnolia - Chestnut,551,8,101
SCBGE21RXBLA14304,210869,212231,2019-04-25,2019-04-27,198301,Granite,Magnolia - Chestnut,551,8,101
SCBGE21RXBLA14305,210868,210875,2019-04-25,2019-04-28,204023,Windsor Blue,Beluga,551,8,101
SCBGE21RXBLA14306,210991,213808,2019-04-25,2019-04-30,179123,Blue Crystal,Beluga,551,8,101
SCBGE21RXBLA14307,210594,210773,2019-04-25,2019-04-30,173461,Blue Crystal,Magnolia - Dark Stained Burr Walnut,551,8,101
SCBGE21RXBLA14308,210331,213496,2019-04-25,2019-05-01,207656,Windsor Blue,Magnolia - Dark Stained Burr Walnut,551,8,101
SCBGE21RXBLA14309,210977,209821,2019-04-25,2019-04-30,171303,Blue Crystal,Magnolia - Dark Stained Burr Walnut,551,8,101
SCBGE21RXBLA14310,210738,210245,2019-04-25,2019-04-30,196473,Blue Crystal,Beluga,551,8,101
SCBGE21RXBLA14311,210184,211541,2019-04-25,2019-04-30,178076,Blue Crystal,Magnolia - Dark Stained Burr Walnut,551,8,101
SCBGE21RXBLA14312,210342,211465,2019-04-25,2019-04-30,192245,Blue Crystal,Saffron,551,8,101
SCBGE21RXBLA14313,210494,211736,2019-04-25,2019-05-01,199470,St James Red (Solid),Magnolia - Dark Stained Burr Walnut,551,8,101
SCBGE21RXBLA14314,210953,209456,2019-04-25,2019-05-02,196203,St James Red (Solid),Magnolia - Chestnut,551,8,101
SCBGE21RXBLA14315,210516,213485,2019-04-25,2019-04-30,201663,St James Red (Solid),Magnolia - Chestnut,551,8,101
SCBGE21RXBLA14316,210362,212047,2019-04-25,2019-04-30,172082,Granite,Beluga,551,8,101
SCBGE21RXBLA14317,210247,222206,2019-04-25,2019-04-30,188848,Granite,Beluga,551,8,101
SCBGE41RXBLA17261,238122,247347,2019-01-01,2019-01-01,226461,Windsor Blue,Magnolia - Chestnut,703,8,101
SCBGE41RXBLA17262,238047,247733,2019-01-01,2019-01-01,194509,Glacier White,Beluga,703,8,101
SCBGE41RXBLA17263,237669,248034,2019-01-01,2019-01-01,193064,Windsor Blue,Beluga,703,8,101
SCBGE41RXBLA17267,237637,254861,2019-01-01,2019-01-03,212225,Windsor Blue,Beluga,703,8,101
SCBGE41RXBLA17268,238246,242930,2019-01-01,2019-01-01,232920,Blue Crystal,Beluga,703,8,101
SCBGE41RXBLA17269,238007,246123,2019-01-01,2019-01-01,217282,Blue Crystal,Beluga,703,8,101
SCBGE41RXBLA17270,241444,248920,2019-01-01,2019-02-15,194641,Blue Crystal,Magnolia - Chestnut,703,8,101
SCBGE41RXBLA17271,240787,248805,2019-03-15,2019-03-15,206294,St James Red (Solid),Magnolia - Chestnut,703,8,101
SCBGE41RXBLA17272,241417,246090,2019-03-15,2019-03-16,197639,St James Red (Solid),Magnolia - Chestnut,703,8,101
SCBGE41RXBLA17273,241069,245275,2019-03-15,2019-03-15,199721,St James Red (Solid),Magnolia - Dark Stained Burr Walnut,703,8,101
SCBGE41RXBLA17274,240915,247100,2019-03-15,2019-03-15,224617,Granite,Magnolia - Dark Stained Burr Walnut,703,8,101
SCBGE41RXBLA17276,240522,248151,2019-03-15,2019-03-15,220273,St James Red (Solid),Magnolia - Chestnut,703,8,101
SCBGE41RXBLA17277,241223,245233,2019-03-15,2019-03-15,205004,Moonbeam,Linen,703,8,101
SCBGE41RXBLA17278,241032,246595,2019-03-15,2019-03-15,226047,Windsor Blue,Beluga,703,8,101
SCBGE41RXBLA17279,241043,240043,2019-03-15,2019-03-20,221715,Windsor Blue,Beluga,703,8,101
SCBGE41RXBLA17280,241339,241146,2019-03-15,2019-03-15,204201,St James Red (Solid),Beluga,703,8,101
SCBGE41RXBLA17281,240999,253793,2019-05-20,2019-05-20,221093,St James Red (Solid),Magnolia - Chestnut,703,8,101
SCBGE41RXBLA17282,240683,247067,2019-05-20,2019-05-20,219498,St James Red (Solid),Magnolia - Chestnut,703,8,101
SCBGE41RXBLA17283,240807,247258,2019-05-20,2019-05-22,195776,St James Red (Solid),Magnolia - Chestnut,703,8,101
SCBGE41RXBLA17290,241135,269651,2019-05-20,2019-05-20,237879,Glacier White,Magnolia - Chestnut,703,8,101
SCBGE41RXBLA17291,241249,246212,2019-05-20,2019-05-20,203648,Windsor Blue,Magnolia - Chestnut,703,8,101
SCBGE41RXBLA17292,240567,251700,2019-05-20,2019-05-20,214440,Windsor Blue,Beluga,703,8,101
SCBGE41RXBLA17293,240664,245308,2019-05-20,2019-05-20,236918,Windsor Blue,Beluga,703,8,101
SCBGE41RXBLA17294,241024,247312,2019-05-20,2019-05-21,195696,Windsor Blue,Beluga,703,8,101
SCBGE41RXBLA17295,240702,250904,2019-05-20,2019-05-22,210217,Windsor Blue,Beluga,703,8,101
SCBGE41RXBLA17296,240523,250003,2019-05-20,2019-05-23,200949,Windsor Blue,Magnolia - Dark Stained Burr Walnut,703,8,101
SCBGE41RXBLA17297,240559,248250,2019-05-20,2019-05-24,209226,Aquamarine,Magnolia - Dark Stained Burr Walnut,703,8,101
SCBGE41RXBLA17298,241079,242197,2019-05-20,2019-05-25,192112,Windsor Blue,Magnolia - Dark Stained Burr Walnut,703,8,101
SCBGE41RXBLA17299,240639,247087,2019-05-20,2019-05-26,214174,Blue Crystal,Magnolia - Chestnut,703,8,101
SCBGE61RXBLA15439,193811,193796,2019-07-29,2019-07-29,182602,Windsor Blue,Beluga,552,8,101
SCBGE61RXBLA15440,193742,196306,2019-07-29,2019-07-29,158386,Windsor Blue,Beluga,552,8,101
SCBGE61RXBLA15441,193053,195197,2019-07-29,2019-07-29,158072,Windsor Blue,Magnolia - Dark Stained Burr Walnut,552,8,101
SCBGE61RXBLA15442,193332,194620,2019-07-29,2019-07-30,192784,Windsor Blue,Magnolia - Dark Stained Burr Walnut,552,8,101
SCBGE61RXBLA15443,193087,194313,2019-07-29,2019-07-31,184168,Windsor Blue,Saffron,552,8,101
SCBGE61RXBLA15444,193463,193889,2019-07-29,2019-07-29,180670,Blue Crystal,Beluga,552,8,101
SCBGE61RXBLA15445,193917,194951,2019-07-29,2019-07-29,190787,Blue Crystal,Magnolia - Dark Stained Burr Walnut,552,8,101
SCBGE61RXBLA15446,193094,194097,2019-07-29,2019-07-29,167869,Blue Crystal,Magnolia - Dark Stained Burr Walnut,552,8,101
SCBGE61RXBLA15447,193714,195958,2019-07-29,2019-07-29,174991,Windsor Blue,Beluga,552,8,101
SCBGE61RXBLA15448,193005,193221,2019-07-29,2019-07-29,184541,Windsor Blue,Magnolia,552,8,101
SCBGE71RXBLA16261,273418,293298,2019-01-01,2019-01-01,226498,Windsor Blue,Magnolia - Chestnut,702,8,101
SCBGE71RXBLA16262,272968,292046,2019-01-01,2019-01-01,235793,Windsor Blue,Magnolia - Chestnut,702,8,101
SCBGE71RXBLA16263,273329,290735,2019-01-01,2019-01-01,269077,Windsor Blue,Beluga,702,8,101
SCBGE71RXBLA16264,273424,292173,2019-01-01,2019-01-01,271315,Windsor Blue,Beluga,702,8,101
SCBGE71RXBLA16265,273262,292563,2019-01-01,2019-01-01,245041,Blue Crystal,Saffron,702,8,101
SCBGE71RXBLA16266,273498,275141,2019-01-01,2019-01-02,235036,Blue Crystal,Magnolia - Dark Stained Burr Walnut,702,8,101
SCBGE71RXBLA16267,273681,291668,2019-01-01,2019-01-03,256095,Blue Crystal,Magnolia - Dark Stained Burr Walnut,702,8,101
SCBGE71RXBLA16268,272823,292642,2019-01-01,2019-01-01,235093,Moonbeam,Beluga,702,8,101
SCBGE71RXBLA16273,273270,299717,2019-07-29,2019-07-29,242903,St James Red (Solid),Magnolia - Dark Stained Burr Walnut,702,8,101
SCBGE71RXBLA16274,273032,300286,2019-07-29,2019-07-29,262438,Moonbeam,Magnolia - Dark Stained Burr Walnut,702,8,101
SCBGE71RXBLA16275,273461,293649,2019-07-29,2019-07-29,233268,Windsor Blue,Magnolia - Chestnut,702,8,101
SCBGE71RXBLA16276,272885,292506,2019-03-15,2019-03-15,231174,Windsor Blue,Magnolia - Chestnut,702,8,101
SCBGE71RXBLA16277,273556,292210,2019-03-15,2019-03-15,234367,St James Red (Solid),Beluga,702,8,101
SCBGE71RXBLA16278,272870,291516,2019-03-15,2019-03-15,243599,Windsor Blue,Beluga,702,8,101
SCBGE71RXBLA16279,273520,291002,2019-03-15,2019-03-15,264781,Granite,Beluga,702,8,101
SCBGE71RXBLA16280,273341,291677,2019-03-15,2019-03-15,248723,St James Red (Solid),Magnolia - Chestnut,702,8,101
SCBGE71RXBLA16281,273058,287896,2019-03-15,2019-03-14,270226,Moonbeam,Saffron,702,8,101
SCBGE71RXBLA16282,273373,292623,2019-03-15,2019-03-15,235677,Windsor Blue,Beluga,702,8,101
SCBGE71RXBLA16286,273269,288289,2019-03-15,2019-03-15,270793,Granite,Magnolia - Chestnut,702,8,101
SCBGE71RXBLA16287,273078,277256,2019-03-15,2019-03-16,240434,St James Red (Solid),Magnolia - Chestnut,702,8,101
SCBGE71RXBLA16288,273621,275522,2019-03-15,2019-03-17,228561,Moonbeam,Magnolia - Dark Stained Burr Walnut,702,8,101
SCBGE71RXBLA16289,273264,291666,2019-03-15,2019-03-19,245161,Glacier White,Magnolia - Dark Stained Burr Walnut,702,8,101
SCBGE71RXBLA16290,273606,292484,2019-03-15,2019-03-15,225493,Windsor Blue,Linen,702,8,101
SCBGE71RXBLA16291,273635,291030,2019-03-15,2019-03-15,251461,St James Red (Solid),Magnolia - Chestnut,702,8,101
SCBGE71RXBLA16292,272879,291707,2019-03-15,2019-03-15,249438,Windsor Blue,Beluga,702,8,101
SCBGE71RXBLA16293,273694,292440,2019-03-15,2019-03-16,257845,Moonbeam,Beluga,702,8,101
SCBGE71RXBLA16295,273390,274702,2019-03-15,2019-03-19,271776,Windsor Blue,Beluga,702,8,101
SCBGE71RXBLA16296,272884,273902,2019-03-15,2019-03-15,268557,Windsor Blue,Magnolia - Chestnut,702,8,101
SCBGE71RXBLA16297,273679,292618,2019-03-15,2019-03-15,239350,Windsor Blue,Magnolia - Chestnut,702,8,101
SCBGE71RXBLA16298,273181,273044,2019-03-15,2019-03-15,245092,Windsor Blue,Magnolia - Chestnut,702,8,101
SCBGE71RXBLA16299,273604,292640,2019-03-15,2019-03-15,249031,Windsor Blue,Beluga,702,8,101
SCBUE11DXBLA12303,305746,306047,2019-01-01,2019-01-01,286505,Windsor Blue,Magnolia - Dark Stained Burr Walnut,500,8,101
SCBUE11DXBLA12304,307058,309272,2019-01-01,2019-01-01,266598,Blue Crystal,Magnolia - Chestnut,500,8,101
SCBUE11DXBLA12305,305023,308144,2019-01-01,2019-01-01,285428,Blue Crystal,Magnolia - Chestnut,500,8,101
SCBUE11DXBLA12306,310793,316798,2019-01-01,2019-01-01,283758,Havana,Saffron,500,8,101
SCBUE11DXBLA12307,312840,316856,2019-01-01,2019-01-02,265158,Blue Crystal,Saffron,500,8,101
SCBUE11DXBLA12308,305149,307101,2019-01-01,2019-01-03,266183,Blue Crystal,Magnolia - Dark Stained Burr Walnut,500,8,101
SCBUE11DXBLA12309,305792,305028,2019-01-01,2019-01-04,261478,Blue Crystal,Magnolia - Dark Stained Burr Walnut,500,8,101
SCBUE11DXBLA12310,310492,312840,2019-01-01,2019-01-05,302272,Blue Crystal,Magnolia - Dark Stained Burr Walnut,500,8,101
SCBUE11DXBLA12311,307769,309888,2019-01-01,2019-01-06,292980,St James Red (Solid),Beluga,500,8,101
SCBUE11DXBLA12312,305044,307637,2019-01-01,2019-01-01,303097,Havana,Magnolia - Dark Stained Burr Walnut,500,8,101
SCBUE11DXBLA12314,312291,315920,2019-06-01,2019-06-01,283441,Granite,Saffron,500,8,101
SCBUE11DXBLA12315,310408,312936,2019-01-01,2019-01-01,291356,Granite,Linen,500,8,101
SCBUE11DXBLA12316,305811,310106,2019-06-01,2019-06-01,296290,Glacier White,Magnolia - Chestnut,500,8,101
SCBUE11DXBLA12317,305939,313974,2019-06-01,2019-06-01,266504,Moonbeam,Beluga,500,8,101
SCBUE11DXBLA12318,307745,310689,2019-06-01,2019-06-01,302236,Windsor Blue,Beluga,500,8,101
SCBUE11DXBLA12319,307578,312323,2019-06-01,2019-06-01,295327,Windsor Blue,Magnolia - Dark Stained Burr Walnut,500,8,101
SCBUE11DXBLA12320,307401,309198,2019-06-01,2019-06-01,278463,St James Red (Solid),Magnolia - Dark Stained Burr Walnut,500,8,101
SCBUE11DXBLA12324,310906,312738,2019-06-01,2019-06-01,277999,Granite,Magnolia - Dark Stained Burr Walnut,500,8,101
SCBUE11DXBLA12325,305785,310000,2019-06-01,2019-06-01,288700,St James Red (Solid),Magnolia - Dark Stained Burr Walnut,500,8,101
SCBUE11DXBLA12326,305267,311369,2019-06-01,2019-06-01,279589,Moonbeam,Beluga,500,8,101
SCBUE11DXBLA12327,307220,310832,2019-06-01,2019-06-01,281404,Windsor Blue,Magnolia - Dark Stained Burr Walnut,500,8,101
SCBUE11DXBLA12328,310319,310549,2019-06-01,2019-06-01,307748,Windsor Blue,Magnolia - Dark Stained Burr Walnut,500,8,101
SCBUE11DXBLA12329,310046,312311,2019-06-01,2019-06-01,308642,Windsor Blue,Magnolia - Dark Stained Burr Walnut,500,8,101
SCBUE11DXBLA12330,307779,309342,2019-01-01,2019-01-01,273402,Windsor Blue,Beluga,500,8,101
SCBUE11DXBLA12331,305621,306566,2019-06-01,2019-06-01,290715,Windsor Blue,Magnolia - Dark Stained Burr Walnut,500,8,101
SCBUE11DXBLA12332,310019,313044,2019-06-01,2019-06-01,283531,Windsor Blue,Magnolia - Dark Stained Burr Walnut,500,8,101
SCBUE11DXBLA12335,307232,310251,2019-06-01,2019-06-03,270639,Windsor Blue,Saffron,500,8,101
SCBUE11DXBLA12336,307316,311642,2019-06-01,2019-06-03,262694,Blue Crystal,Beluga,500,8,101
SCBUE11DXBLA12337,307261,311440,2019-06-01,2019-06-01,283019,Blue Crystal,Beluga,500,8,101
SCBUE11DXBLA12338,310988,312680,2019-06-01,2019-06-01,262413,Blue Crystal,Beluga,500,8,101
SCBUE11DXBLA12339,312961,315084,2019-06-01,2019-06-01,307487,St James Red (Solid),Magnolia - Chestnut,500,8,101
SCBUE11DXBLA12340,310055,312909,2019-06-01,2019-06-01,297871,St James Red (Solid),Magnolia - Chestnut,500,8,101
SCBUE11DXBLA12341,305012,306283,2019-06-01,2019-06-01,296913,St James Red (Solid),Magnolia - Chestnut,500,8,101
SCBUE11DXBLA12342,305168,311450,2019-06-01,2019-06-02,295750,Granite,Magnolia,500,8,101
SCBUE11DXBLA12343,307743,311554,2019-06-01,2019-06-03,303562,Granite,Beluga,500,8,101
SCBUE11DXBLA12344,310323,311873,2019-06-01,2019-06-04,290093,St James Red (Solid),Magnolia - Dark Stained Burr Walnut,500,8,101
SCBUE11DXBLA12351,305985,306507,2019-06-01,2019-06-01,291200,Blue Crystal,Magnolia - Dark Stained Burr Walnut,500,8,101
SCBUE11DXBLA12352,305424,305947,2019-06-01,2019-06-03,277573,Windsor Blue,Magnolia - Dark Stained Burr Walnut,500,8,101
SCBUE11DXBLA12353,305093,305950,2019-06-01,2019-06-01,277970,Blue Crystal,Magnolia - Dark Stained Burr Walnut,500,8,101
SCBUE11DXBLA12354,305220,306614,2019-06-01,2019-06-01,302854,Blue Crystal,Beluga,500,8,101
SCBUE11DXBLA12355,310727,312461,2019-06-01,2019-06-01,262242,Blue Crystal,Magnolia - Dark Stained Burr Walnut,500,8,101
SCBUE11DXBLA12356,305219,313467,2019-06-01,2019-06-01,271875,Blue Crystal,Magnolia - Dark Stained Burr Walnut,500,8,101
SCBUE11DXBLA12357,305873,310471,2019-06-01,2019-06-01,292420,St James Red (Solid),Magnolia - Dark Stained Burr Walnut,500,8,101
SCBUE11DXBLA12358,307780,312424,2019-06-01,2019-06-01,299082,St James Red (Solid),Magnolia - Chestnut,500,8,101
SCBUE11DXBLA12359,310987,312972,2019-06-01,2019-06-01,296325,Havana,Magnolia - Chestnut,500,8,101
SCBUE11DXBLA12360,310170,311166,2019-06-01,2019-06-01,277412,Granite,Beluga,500,8,101
SCBUE11DXBLA12361,305766,305907,2019-06-01,2019-06-01,259850,Granite,Beluga,500,8,101
SCBUE11DXBLA12362,310103,312578,2019-04-25,2019-04-25,277410,St James Red (Solid),Beluga,500,8,101
SCBUE11DXBLA12363,312044,312930,2019-04-25,2019-04-28,296002,Blue Crystal,Beluga,500,8,101
SCBUE11DXBLA12364,310252,312665,2019-04-25,2019-04-29,271341,Blue Crystal,Beluga,500,8,101
SCBUE11DXBLA12365,305353,310920,2019-04-25,2019-04-25,302562,Blue Crystal,Magnolia - Chestnut,500,8,101
SCBUE11DXBLA12366,305132,314617,2019-04-25,2019-04-25,293512,Blue Crystal,Magnolia - Chestnut,500,8,101
SCBUE11DXBLA12367,307473,310706,2019-04-25,2019-04-25,272967,St James Red (Solid),Magnolia - Chestnut,500,8,101
SCBUE11DXBLA12368,307561,312056,2019-04-25,2019-04-25,267799,Glacier White,Beluga,500,8,101
SCBGE11RXBLA13272,220494,221612,2019-04-25,2019-04-25,215399,Windsor Blue,Beluga,550,9,100
SCBGE11RXBLA13273,220466,220985,2019-04-25,2019-04-26,204608,Blue Crystal,Magnolia - Dark Stained Burr Walnut,550,9,100
SCBGE21RXBLA14322,210774,211532,2019-04-25,2019-04-30,207506,St James Red (Solid),Beluga,551,9,100
SCBGE21RXBLA14323,210660,211119,2019-04-25,2019-04-30,164224,St James Red (Solid),Beluga,551,9,100
SCBGE61RXBLA15342,205187,210342,2019-04-01,2019-04-01,162529,Windsor Blue,Beluga,552,9,100
SCBGE61RXBLA15343,205286,207572,2019-04-01,2019-04-02,191156,Windsor Blue,Beluga,552,9,100
SCBGE61RXBLA15344,205949,207530,2019-04-01,2019-04-01,181457,St James Red (Solid),Beluga,552,9,100
SCBGE61RXBLA15359,205053,203947,2019-04-01,2019-04-19,163833,Windsor Blue,Beluga,552,9,100
SCBGE61RXBLA15360,205728,204997,2019-04-01,2019-04-19,187243,Blue Crystal,Magnolia - Chestnut,552,9,100
SCBGE61RXBLA15378,202017,208407,2019-07-29,2019-07-29,176228,Windsor Blue,Magnolia - Chestnut,552,9,100
SCBGE61RXBLA15379,205975,209393,2019-07-29,2019-07-29,171971,St James Red (Solid),Magnolia - Chestnut,552,9,100
SCBGE71RXBLA16314,273002,277247,2019-03-15,2019-03-15,254497,Windsor Blue,Magnolia - Chestnut,702,9,100
SCBGE21RXBLA14263,209360,207326,2019-01-01,2019-01-07,189028,Blue Crystal,Magnolia - Chestnut,551,10,100
SCBGE21RXBLA14264,209928,206407,2019-01-01,2019-01-08,173565,Glacier White,Magnolia - Chestnut,551,10,100
SCBGE21RXBLA14267,209697,207425,2019-01-01,2019-01-11,176055,St James Red (Solid),Beluga,551,10,100
SCBGE21RXBLA14268,209079,205001,2019-01-01,2019-01-12,163305,St James Red (Solid),Beluga,551,10,100
SCBGE61RXBLA15271,202897,193299,2019-01-01,2019-01-30,167805,Blue Crystal,Beluga,552,10,100
SCBGE61RXBLA15272,202849,196190,2019-01-01,2019-01-30,161225,Blue Crystal,Beluga,552,10,100
SCBGE61RXBLA15273,202035,197989,2019-01-01,2019-01-30,201421,Blue Crystal,Magnolia - Dark Stained Burr Walnut,552,10,100
SCBGE61RXBLA15274,202913,193328,2019-01-01,2019-01-30,168481,Havana,Magnolia - Dark Stained Burr Walnut,552,10,100
SCBGE61RXBLA15275,202205,196981,2019-01-01,2019-01-30,193858,St James Red (Solid),Magnolia - Dark Stained Burr Walnut,552,10,100
SCBGE61RXBLA15283,202248,195656,2019-01-01,2019-02-01,176659,St James Red (Solid),Magnolia - Chestnut,552,10,100
SCBGE61RXBLA15284,200825,198887,2019-01-01,2019-02-02,195757,Windsor Blue,Magnolia - Chestnut,552,10,100
SCBGE61RXBLA15288,202200,197303,2019-01-01,2019-01-30,179095,Glacier White,Magnolia - Dark Stained Burr Walnut,552,10,100
SCBGE61RXBLA15293,202664,194500,2019-02-01,2019-02-15,159374,Granite,Magnolia - Dark Stained Burr Walnut,552,10,100
SCBGE61RXBLA15296,202565,211837,2019-02-01,2019-02-15,173201,Windsor Blue,Magnolia - Dark Stained Burr Walnut,552,10,100
SCBGE61RXBLA15297,202610,195042,2019-02-01,2019-02-15,178286,Windsor Blue,Magnolia - Dark Stained Burr Walnut,552,10,100
SCBGE61RXBLA15306,202970,194685,2019-02-01,2019-02-15,186462,Blue Crystal,Magnolia - Chestnut,552,10,100
SCBGE61RXBLA15307,202895,196367,2019-02-01,2019-02-15,161156,Blue Crystal,Magnolia - Chestnut,552,10,100
SCBGE61RXBLA15312,200986,196242,2019-02-01,2019-02-15,155345,Granite,Magnolia - Dark Stained Burr Walnut,552,10,100
SCBGE61RXBLA15313,200501,194507,2019-02-01,2019-02-15,164374,St James Red (Solid),Magnolia - Chestnut,552,10,100
SCBGE61RXBLA15314,200254,193406,2019-03-01,2019-03-22,186446,Moonbeam,Magnolia - Chestnut,552,10,100
SCBGE61RXBLA15315,200373,193428,2019-03-01,2019-03-22,160327,Windsor Blue,Beluga,552,10,100
SCBGE61RXBLA15316,200588,194932,2019-03-01,2019-03-22,170640,Windsor Blue,Beluga,552,10,100
SCBGE61RXBLA15323,200862,192554,2019-03-01,2019-08-08,158499,Havana,Magnolia - Dark Stained Burr Walnut,552,10,100
SCBGE61RXBLA15324,200512,185302,2019-03-01,2019-08-08,166318,St James Red (Solid),Magnolia,552,10,100
SCBGE61RXBLA15325,200869,187206,2019-03-01,2019-08-08,183557,Granite,Magnolia,552,10,100
SCBGE71RXBLA16304,272886,265640,2019-03-15,2019-03-30,236062,Blue Crystal,Magnolia - Dark Stained Burr Walnut,702,10,100
SCBGE71RXBLA16305,272969,265163,2019-03-15,2019-03-30,259072,Blue Crystal,Magnolia - Chestnut,702,10,100
SCBGE71RXBLA16306,273087,265262,2019-03-15,2019-03-30,260004,St James Red (Solid),Magnolia - Chestnut,702,10,100
SCBGE61RXBLA15408,193982,201288,2019-07-29,2019-07-29,157125,Windsor Blue,Magnolia - Chestnut,552,11,100
SCBGE61RXBLA15416,193551,196375,2019-07-29,2019-08-03,165763,St James Red (Solid),Beluga,552,11,100
SCBGE61RXBLA15417,193488,196958,2019-07-29,2019-07-29,170678,Windsor Blue,Beluga,552,11,100
SCBGE61RXBLA15426,193259,195092,2019-07-29,2019-07-29,171138,Windsor Blue,Magnolia - Dark Stained Burr Walnut,552,11,100
SCBGE61RXBLA15427,193671,197352,2019-07-29,2019-07-29,189619,Windsor Blue,Magnolia - Chestnut,552,11,100
SCBGE61RXBLA15428,193040,195098,2019-07-29,2019-07-29,173216,Windsor Blue,Magnolia - Chestnut,702,11,100
SCBGE61RXBLA15431,193508,196876,2019-07-29,2019-07-29,167982,Windsor Blue,Beluga,552,11,100
SCBGE21RXBLA24288,215814,225917,2019-04-25,2019-05-02,210105,St James Red (Solid),Saffron,551,8,101
SCBGE21RXBLA24289,215871,228216,2019-04-25,2019-05-03,187935,Glacier White,Magnolia - Chestnut,551,8,101
SCBGE21RXBLA24290,215020,227427,2019-04-25,2019-05-04,172373,Granite,Magnolia - Chestnut,551,8,101
SCBGE21RXBLA24291,215001,227796,2019-04-25,2019-05-05,195965,St James Red (Solid),Beluga,551,8,101
SCBGE21RXBLA24292,215134,226551,2019-04-25,2019-05-06,183546,Moonbeam,Beluga,551,8,101
SCBGE21RXBLA24293,215072,225661,2019-04-25,2019-05-07,186463,Windsor Blue,Beluga,551,8,101
SCBGE21RXBLA24294,215785,231342,2019-04-25,2019-05-08,211914,Windsor Blue,Beluga,551,5,104
SCBGE21RXBLA24295,215387,233386,2019-04-25,2019-04-25,194577,St James Red (Solid),Magnolia - Chestnut,551,5,104
SCBGE21RXBLA24296,215648,226109,2019-04-25,2019-04-25,174291,St James Red (Solid),Magnolia - Chestnut,551,5,104
SCBGE21RXBLA24297,215976,227898,2019-04-25,2019-04-25,189624,St James Red (Solid),Magnolia - Chestnut,551,5,104
SCBGE21RXBLA24298,215921,227696,2019-04-25,2019-04-25,206403,Glacier White,Beluga,551,5,104
SCBGE21RXBLA24299,215896,226941,2019-04-25,2019-04-25,181547,Granite,Beluga,551,5,104
SCBGE21RXBLA24300,210603,211624,2019-04-25,2019-04-25,171525,St James Red (Solid),Magnolia - Dark Stained Burr Walnut,551,5,104
SCBGE21RXBLA24301,210656,210900,2019-04-25,2019-04-25,192401,St James Red (Solid),Saffron,551,5,104
SCBGE21RXBLA24302,210097,212716,2019-04-25,2019-04-25,163916,St James Red (Solid),Magnolia - Dark Stained Burr Walnut,551,8,101
SCBGE21RXBLA24303,210459,211302,2019-04-25,2019-04-26,178920,Granite,Magnolia - Chestnut,551,8,101
SCBGE21RXBLA24304,210149,213643,2019-04-25,2019-04-27,167584,Granite,Magnolia - Chestnut,551,8,101
SCBGE21RXBLA24305,210293,213009,2019-04-25,2019-04-28,202995,Windsor Blue,Beluga,551,8,101
SCBGE21RXBLA24306,210915,214487,2019-04-25,2019-04-30,184035,Blue Crystal,Beluga,551,8,101
SCBGE21RXBLA24307,210049,210971,2019-04-25,2019-04-30,180873,Blue Crystal,Magnolia - Dark Stained Burr Walnut,551,8,101
SCBGE21RXBLA24308,210989,213794,2019-04-25,2019-05-01,204891,Windsor Blue,Magnolia - Dark Stained Burr Walnut,551,8,101
SCBGE21RXBLA24309,210444,210572,2019-04-25,2019-04-30,178922,Blue Crystal,Magnolia - Dark Stained Burr Walnut,551,8,101
SCBGE21RXBLA24310,210835,210794,2019-04-25,2019-04-30,209623,Blue Crystal,Beluga,551,8,101
SCBGE21RXBLA24311,210530,212425,2019-04-25,2019-04-30,162869,Blue Crystal,Magnolia - Dark Stained Burr Walnut,551,8,101
SCBGE21RXBLA24312,210315,213105,2019-04-25,2019-04-30,163741,Blue Crystal,Saffron,551,8,101
SCBGE21RXBLA24313,210026,209710,2019-04-25,2019-05-01,170914,St James Red (Solid),Magnolia - Dark Stained Burr Walnut,551,8,101
SCBGE21RXBLA24324,210817,209946,2019-04-25,2019-05-02,198191,St James Red (Solid),Magnolia - Chestnut,551,8,101
SCBGE21RXBLA24315,210120,211181,2019-04-25,2019-04-30,191280,St James Red (Solid),Magnolia - Chestnut,551,8,101
SCBGE21RXBLA24316,210740,210738,2019-04-25,2019-04-30,183241,Granite,Beluga,551,8,101
SCBGE21RXBLA24327,210764,222404,2019-04-25,2019-04-30,163302,Granite,Beluga,551,8,101
SCBGE41RXBLA27261,238029,246996,2019-01-01,2019-01-01,217812,Windsor Blue,Magnolia - Chestnut,703,8,101
SCBGE41RXBLA27262,237733,245977,2019-01-01,2019-01-01,220235,Glacier White,Beluga,703,8,101
SCBGE41RXBLA27263,238394,247538,2019-01-01,2019-01-01,227461,Windsor Blue,Beluga,703,8,101
SCBGE41RXBLA27267,238272,254694,2019-01-01,2019-01-03,233857,Windsor Blue,Beluga,703,8,101
SCBGE41RXBLA27268,238290,242574,2019-01-01,2019-01-01,236296,Blue Crystal,Beluga,703,8,101
SCBGE41RXBLA27269,238304,245022,2019-01-01,2019-01-01,200730,Blue Crystal,Beluga,703,8,101
SCBGE41RXBLA27270,240959,248089,2019-01-01,2019-02-15,195767,Blue Crystal,Magnolia - Chestnut,703,1,104
SCBGE41RXBLA27271,241446,248628,2019-03-15,2019-03-15,209310,St James Red (Solid),Magnolia - Chestnut,703,1,104
SCBGE41RXBLA27272,241003,245299,2019-03-15,2019-03-16,219576,St James Red (Solid),Magnolia - Chestnut,703,1,104
SCBGE41RXBLA27273,241345,247388,2019-03-15,2019-03-15,227158,St James Red (Solid),Magnolia - Dark Stained Burr Walnut,703,1,104
SCBGE41RXBLA27274,241171,245351,2019-03-15,2019-03-15,192604,Granite,Magnolia - Dark Stained Burr Walnut,703,1,104
SCBGE41RXBLA27276,240867,246217,2019-03-15,2019-03-15,199865,St James Red (Solid),Magnolia - Chestnut,703,1,104
SCBGE41RXBLA27277,241326,247337,2019-03-15,2019-03-15,237859,Moonbeam,Linen,703,1,104
SCBGE41RXBLA27278,241355,246936,2019-03-15,2019-03-15,222027,Windsor Blue,Beluga,703,1,104
SCBGE41RXBLA27279,241307,241503,2019-03-15,2019-03-20,195039,Windsor Blue,Beluga,703,1,104
SCBGE41RXBLA27280,240562,242232,2019-03-15,2019-03-15,212408,St James Red (Solid),Beluga,703,1,104
SCBGE41RXBLA27281,240689,254885,2019-05-20,2019-05-20,214574,St James Red (Solid),Magnolia - Chestnut,703,1,104
SCBGE41RXBLA27282,240776,245674,2019-05-20,2019-05-20,228128,St James Red (Solid),Magnolia - Chestnut,703,8,101
SCBGE41RXBLA27283,241359,248530,2019-05-20,2019-05-22,194068,St James Red (Solid),Magnolia - Chestnut,703,8,101
SCBGE41RXBLA27290,241464,267342,2019-05-20,2019-05-20,222951,Glacier White,Magnolia - Chestnut,703,8,101
SCBGE41RXBLA27291,240940,245610,2019-05-20,2019-05-20,223703,Windsor Blue,Magnolia - Chestnut,703,8,101
SCBGE41RXBLA27292,241243,251263,2019-05-20,2019-05-20,240933,Windsor Blue,Beluga,703,8,101
SCBGE41RXBLA27293,240992,246512,2019-05-20,2019-05-20,192685,Windsor Blue,Beluga,703,8,101
SCBGE41RXBLA27294,240633,247290,2019-05-20,2019-05-21,220134,Windsor Blue,Beluga,703,8,101
SCBGE41RXBLA27295,241277,250842,2019-05-20,2019-05-22,236271,Windsor Blue,Beluga,703,8,101
SCBGE41RXBLA27296,241498,250923,2019-05-20,2019-05-23,219969,Windsor Blue,Magnolia - Dark Stained Burr Walnut,703,8,101
SCBGE41RXBLA27297,241057,248014,2019-05-20,2019-05-24,220112,Aquamarine,Magnolia - Dark Stained Burr Walnut,703,8,101
SCBGE41RXBLA27298,241171,240495,2019-05-20,2019-05-25,229422,Windsor Blue,Magnolia - Dark Stained Burr Walnut,703,8,101
SCBGE41RXBLA27299,241261,247973,2019-05-20,2019-05-26,219926,Blue Crystal,Magnolia - Chestnut,703,8,101
SCBGE61RXBLA25439,193828,195370,2019-07-29,2019-07-29,172078,Windsor Blue,Beluga,552,8,101
SCBGE61RXBLA25440,193590,196341,2019-07-29,2019-07-29,151026,Windsor Blue,Beluga,552,8,101
SCBGE61RXBLA25441,193208,195851,2019-07-29,2019-07-29,173220,Windsor Blue,Magnolia - Dark Stained Burr Walnut,552,8,101
SCBGE61RXBLA25442,193635,194700,2019-07-29,2019-07-30,174434,Windsor Blue,Magnolia - Dark Stained Burr Walnut,552,8,101
SCBGE61RXBLA25443,193348,194593,2019-07-29,2019-07-31,152264,Windsor Blue,Saffron,552,8,104
SCBGE61RXBLA25444,193074,195072,2019-07-29,2019-07-29,151782,Blue Crystal,Beluga,552,8,104
SCBGE61RXBLA25445,193234,194427,2019-07-29,2019-07-29,145910,Blue Crystal,Magnolia - Dark Stained Burr Walnut,552,8,104
SCBGE61RXBLA25446,193399,194272,2019-07-29,2019-07-29,158073,Blue Crystal,Magnolia - Dark Stained Burr Walnut,552,8,104
SCBGE61RXBLA25447,193986,196063,2019-07-29,2019-07-29,183664,Windsor Blue,Beluga,552,8,104
SCBGE61RXBLA25448,193044,193357,2019-07-29,2019-07-29,177418,Windsor Blue,Magnolia,552,8,104
SCBGE71RXBLA26261,273248,293901,2019-01-01,2019-01-01,259133,Windsor Blue,Magnolia - Chestnut,702,8,104
SCBGE71RXBLA26262,273719,292643,2019-01-01,2019-01-01,261844,Windsor Blue,Magnolia - Chestnut,702,8,104
SCBGE71RXBLA26263,272939,291419,2019-01-01,2019-01-01,249072,Windsor Blue,Beluga,702,8,104
SCBGE71RXBLA26264,273734,293047,2019-01-01,2019-01-01,233763,Windsor Blue,Beluga,702,8,104
SCBGE71RXBLA26265,272800,294098,2019-01-01,2019-01-01,264271,Blue Crystal,Saffron,702,8,104
SCBGE71RXBLA26266,273643,273247,2019-01-01,2019-01-02,233543,Blue Crystal,Magnolia - Dark Stained Burr Walnut,702,8,104
SCBGE71RXBLA26267,273607,291554,2019-01-01,2019-01-03,239378,Blue Crystal,Magnolia - Dark Stained Burr Walnut,702,8,104
SCBGE71RXBLA26268,272943,293576,2019-01-01,2019-01-01,266940,Moonbeam,Beluga,702,8,104
SCBGE71RXBLA26273,273370,300016,2019-07-29,2019-07-29,242984,St James Red (Solid),Magnolia - Dark Stained Burr Walnut,702,8,104
SCBGE71RXBLA26274,273264,299231,2019-07-29,2019-07-29,252326,Moonbeam,Magnolia - Dark Stained Burr Walnut,702,8,104
SCBGE71RXBLA26275,273733,292153,2019-07-29,2019-07-29,269584,Windsor Blue,Magnolia - Chestnut,702,8,104
SCBGE71RXBLA26276,272892,290886,2019-03-15,2019-03-15,235605,Windsor Blue,Magnolia - Chestnut,702,8,104
SCBGE71RXBLA26277,273008,292337,2019-03-15,2019-03-15,269359,St James Red (Solid),Beluga,702,8,104
SCBGE71RXBLA26278,273547,291912,2019-03-15,2019-03-15,249090,Windsor Blue,Beluga,702,8,104
SCBGE71RXBLA26279,272778,292054,2019-03-15,2019-03-15,262618,Granite,Beluga,702,8,104
SCBGE71RXBLA26280,272949,292854,2019-03-15,2019-03-15,236533,St James Red (Solid),Magnolia - Chestnut,702,8,104
SCBGE71RXBLA26281,273543,290034,2019-03-15,2019-03-14,262552,Moonbeam,Saffron,702,8,104
SCBGE71RXBLA26282,273254,291151,2019-03-15,2019-03-15,254718,Windsor Blue,Beluga,702,8,101
SCBGE71RXBLA26286,273342,289366,2019-03-15,2019-03-15,237882,Granite,Magnolia - Chestnut,550,8,101
SCBGE71RXBLA26287,272922,276137,2019-03-15,2019-03-16,252005,St James Red (Solid),Magnolia - Chestnut,550,8,101
SCBGE71RXBLA26288,273003,274615,2019-03-15,2019-03-17,228053,Moonbeam,Magnolia - Dark Stained Burr Walnut,550,8,101
SCBGE71RXBLA26289,272869,292098,2019-03-15,2019-03-19,246370,Glacier White,Magnolia - Dark Stained Burr Walnut,550,8,101
SCBGE71RXBLA26290,273257,291932,2019-03-15,2019-03-15,259481,Windsor Blue,Linen,550,8,101
SCBGE71RXBLA26291,273640,290934,2019-03-15,2019-03-15,236293,St James Red (Solid),Magnolia - Chestnut,550,8,101
SCBGE71RXBLA26292,273246,292289,2019-03-15,2019-03-15,266303,Windsor Blue,Beluga,550,6,101
SCBGE71RXBLA26293,273590,292350,2019-03-15,2019-03-16,247449,Moonbeam,Beluga,550,6,101
SCBGE71RXBLA26295,273387,275521,2019-03-15,2019-03-19,252136,Windsor Blue,Beluga,550,6,101
SCBGE71RXBLA26296,273618,275702,2019-03-15,2019-03-15,260573,Windsor Blue,Magnolia - Chestnut,550,6,101
SCBGE71RXBLA26297,272934,290277,2019-03-15,2019-03-15,231910,Windsor Blue,Magnolia - Chestnut,550,6,101
SCBGE71RXBLA26298,272840,274851,2019-03-15,2019-03-15,262285,Windsor Blue,Magnolia - Chestnut,550,6,101
SCBGE71RXBLA26299,272939,292109,2019-03-15,2019-03-15,261844,Windsor Blue,Beluga,550,6,101